﻿<?xml version="1.0" encoding="utf-8"?>
<!-- Auto-Profile Configuration Data. 12/19/2021 20:48:10 -->

<Programs>
  <Program path="C:\Program Files (x86)\Steam\steamapps\common\Sable\UnityCrashHandler64.exe">
    <Controller1>Primary</Controller1>
    <Controller2>(none)</Controller2>
    <Controller3>(none)</Controller3>
    <Controller4>(none)</Controller4>
    <Controller5>(none)</Controller5>
    <Controller6>(none)</Controller6>
    <Controller7>(none)</Controller7>
    <Controller8>(none)</Controller8>
    <TurnOff>False</TurnOff>
  </Program>
  <Program path="C:\Program Files (x86)\Steam\steamapps\common\Sable\Sable.exe">
    <Controller1>Default</Controller1>
    <Controller2>(none)</Controller2>
    <Controller3>(none)</Controller3>
    <Controller4>(none)</Controller4>
    <Controller5>(none)</Controller5>
    <Controller6>(none)</Controller6>
    <Controller7>(none)</Controller7>
    <Controller8>(none)</Controller8>
    <TurnOff>False</TurnOff>
  </Program>
  <Program path="C:\Program Files (x86)\Steam\steamapps\common\Crab Game\Crab Game.exe">
    <Controller1>Primary</Controller1>
    <Controller2>(none)</Controller2>
    <Controller3>(none)</Controller3>
    <Controller4>(none)</Controller4>
    <Controller5>(none)</Controller5>
    <Controller6>(none)</Controller6>
    <Controller7>(none)</Controller7>
    <Controller8>(none)</Controller8>
    <TurnOff>False</TurnOff>
  </Program>
  <Program path="C:\Program Files (x86)\Steam\steamapps\common\It Takes Two\__overlay\overlayinjector.exe">
    <Controller1>Default</Controller1>
    <Controller2>Default</Controller2>
    <Controller3>(none)</Controller3>
    <Controller4>(none)</Controller4>
    <Controller5>(none)</Controller5>
    <Controller6>(none)</Controller6>
    <Controller7>(none)</Controller7>
    <Controller8>(none)</Controller8>
    <TurnOff>False</TurnOff>
  </Program>
  <Program path="C:\Program Files (x86)\Steam\steamapps\common\ItTakesTwo\Nuts\Binaries\Win64\ItTakesTwo.exe">
    <Controller1>Default</Controller1>
    <Controller2>Default</Controller2>
    <Controller3>(none)</Controller3>
    <Controller4>(none)</Controller4>
    <Controller5>(none)</Controller5>
    <Controller6>(none)</Controller6>
    <Controller7>(none)</Controller7>
    <Controller8>(none)</Controller8>
    <TurnOff>False</TurnOff>
  </Program>
  <Program path="C:\Program Files (x86)\Steam\steamapps\common\ItTakesTwo\Nuts\Binaries\Win64\ItTakesTwo_Trial.exe">
    <Controller1>(none)</Controller1>
    <Controller2>(none)</Controller2>
    <Controller3>(none)</Controller3>
    <Controller4>(none)</Controller4>
    <Controller5>(none)</Controller5>
    <Controller6>(none)</Controller6>
    <Controller7>(none)</Controller7>
    <Controller8>(none)</Controller8>
    <TurnOff>False</TurnOff>
  </Program>
  <Program path="C:\Program Files (x86)\Steam\steamapps\common\Biped\Biped.exe">
    <Controller1>Default</Controller1>
    <Controller2>Default</Controller2>
    <Controller3>(none)</Controller3>
    <Controller4>(none)</Controller4>
    <Controller5>(none)</Controller5>
    <Controller6>(none)</Controller6>
    <Controller7>(none)</Controller7>
    <Controller8>(none)</Controller8>
    <TurnOff>False</TurnOff>
  </Program>
</Programs>