﻿<?xml version="1.0" encoding="utf-8"?>
<!-- Profile Configuration Data. 12/20/2021 14:52:16 -->
<!-- Made with DS4Windows version 3.0.18 -->

<Profile app_version="3.0.18" config_version="2">
  <useExclusiveMode>False</useExclusiveMode>
  <startMinimized>True</startMinimized>
  <minimizeToTaskbar>False</minimizeToTaskbar>
  <formWidth>1046</formWidth>
  <formHeight>550</formHeight>
  <formLocationX>249</formLocationX>
  <formLocationY>338</formLocationY>
  <Controller1>Primary</Controller1>
  <Controller2>Primary2</Controller2>
  <Controller3>Default</Controller3>
  <Controller4>Default</Controller4>
  <Controller5>Default</Controller5>
  <Controller6>Default</Controller6>
  <Controller7>Default</Controller7>
  <Controller8>Default</Controller8>
  <LastChecked>12/15/2021 10:47:00</LastChecked>
  <CheckWhen>0</CheckWhen>
  <Notifications>2</Notifications>
  <DisconnectBTAtStop>False</DisconnectBTAtStop>
  <SwipeProfiles>True</SwipeProfiles>
  <QuickCharge>False</QuickCharge>
  <CloseMinimizes>True</CloseMinimizes>
  <UseLang>
  </UseLang>
  <DownloadLang>True</DownloadLang>
  <FlashWhenLate>True</FlashWhenLate>
  <FlashWhenLateAt>50</FlashWhenLateAt>
  <AppIcon>Default</AppIcon>
  <AppTheme>Default</AppTheme>
  <UseUDPServer>False</UseUDPServer>
  <UDPServerPort>26760</UDPServerPort>
  <UDPServerListenAddress>127.0.0.1</UDPServerListenAddress>
  <UDPServerSmoothingOptions>
    <UseSmoothing>False</UseSmoothing>
    <UdpSmoothMinCutoff>0.4</UdpSmoothMinCutoff>
    <UdpSmoothBeta>0.2</UdpSmoothBeta>
  </UDPServerSmoothingOptions>
  <UseCustomSteamFolder>False</UseCustomSteamFolder>
  <CustomSteamFolder>
  </CustomSteamFolder>
  <AutoProfileRevertDefaultProfile>True</AutoProfileRevertDefaultProfile>
  <DeviceOptions>
    <DS4SupportSettings>
      <Enabled>True</Enabled>
    </DS4SupportSettings>
    <DualSenseSupportSettings>
      <Enabled>True</Enabled>
    </DualSenseSupportSettings>
    <SwitchProSupportSettings>
      <Enabled>True</Enabled>
    </SwitchProSupportSettings>
    <JoyConSupportSettings>
      <Enabled>True</Enabled>
      <LinkMode>Joined</LinkMode>
      <JoinedGyroProvider>JoyConR</JoinedGyroProvider>
    </JoyConSupportSettings>
  </DeviceOptions>
  <CustomLed1>False:0,0,255</CustomLed1>
  <CustomLed2>False:0,0,255</CustomLed2>
  <CustomLed3>False:0,0,255</CustomLed3>
  <CustomLed4>False:0,0,255</CustomLed4>
  <CustomLed5>False:0,0,255</CustomLed5>
  <CustomLed6>False:0,0,255</CustomLed6>
  <CustomLed7>False:0,0,255</CustomLed7>
  <CustomLed8>False:0,0,255</CustomLed8>
</Profile>