﻿<?xml version="1.0" encoding="utf-8"?>
<!-- DS4Windows Configuration Data. 12/15/2021 17:18:57 -->
<!-- Made with DS4Windows version 3.0.18 -->

<DS4Windows app_version="3.0.18" config_version="5">
  <touchToggle>True</touchToggle>
  <idleDisconnectTimeout>0</idleDisconnectTimeout>
  <outputDataToDS4>True</outputDataToDS4>
  <Color>0,17,255</Color>
  <RumbleBoost>100</RumbleBoost>
  <RumbleAutostopTime>0</RumbleAutostopTime>
  <LightbarMode>DS4Win</LightbarMode>
  <ledAsBatteryIndicator>True</ledAsBatteryIndicator>
  <FlashType>0</FlashType>
  <flashBatteryAt>20</flashBatteryAt>
  <touchSensitivity>100</touchSensitivity>
  <LowColor>53,0,0</LowColor>
  <ChargingColor>0,0,0</ChargingColor>
  <FlashColor>39,0,0</FlashColor>
  <touchpadJitterCompensation>True</touchpadJitterCompensation>
  <lowerRCOn>True</lowerRCOn>
  <tapSensitivity>100</tapSensitivity>
  <doubleTap>True</doubleTap>
  <scrollSensitivity>0</scrollSensitivity>
  <LeftTriggerMiddle>0</LeftTriggerMiddle>
  <RightTriggerMiddle>0</RightTriggerMiddle>
  <TouchpadInvert>0</TouchpadInvert>
  <TouchpadClickPassthru>False</TouchpadClickPassthru>
  <L2AntiDeadZone>0</L2AntiDeadZone>
  <R2AntiDeadZone>0</R2AntiDeadZone>
  <L2MaxZone>100</L2MaxZone>
  <R2MaxZone>100</R2MaxZone>
  <L2MaxOutput>100</L2MaxOutput>
  <R2MaxOutput>100</R2MaxOutput>
  <ButtonMouseSensitivity>25</ButtonMouseSensitivity>
  <ButtonMouseOffset>0.008</ButtonMouseOffset>
  <Rainbow>0</Rainbow>
  <MaxSatRainbow>100</MaxSatRainbow>
  <LSDeadZone>0</LSDeadZone>
  <RSDeadZone>0</RSDeadZone>
  <LSAntiDeadZone>0</LSAntiDeadZone>
  <RSAntiDeadZone>0</RSAntiDeadZone>
  <LSMaxZone>100</LSMaxZone>
  <RSMaxZone>100</RSMaxZone>
  <LSVerticalScale>100</LSVerticalScale>
  <RSVerticalScale>100</RSVerticalScale>
  <LSMaxOutput>100</LSMaxOutput>
  <RSMaxOutput>100</RSMaxOutput>
  <LSMaxOutputForce>False</LSMaxOutputForce>
  <RSMaxOutputForce>False</RSMaxOutputForce>
  <LSDeadZoneType>Radial</LSDeadZoneType>
  <RSDeadZoneType>Radial</RSDeadZoneType>
  <LSAxialDeadOptions>
    <DeadZoneX>10</DeadZoneX>
    <DeadZoneY>10</DeadZoneY>
    <MaxZoneX>100</MaxZoneX>
    <MaxZoneY>100</MaxZoneY>
    <AntiDeadZoneX>20</AntiDeadZoneX>
    <AntiDeadZoneY>20</AntiDeadZoneY>
    <MaxOutputX>100</MaxOutputX>
    <MaxOutputY>100</MaxOutputY>
  </LSAxialDeadOptions>
  <RSAxialDeadOptions>
    <DeadZoneX>10</DeadZoneX>
    <DeadZoneY>10</DeadZoneY>
    <MaxZoneX>100</MaxZoneX>
    <MaxZoneY>100</MaxZoneY>
    <AntiDeadZoneX>20</AntiDeadZoneX>
    <AntiDeadZoneY>20</AntiDeadZoneY>
    <MaxOutputX>100</MaxOutputX>
    <MaxOutputY>100</MaxOutputY>
  </RSAxialDeadOptions>
  <LSRotation>0</LSRotation>
  <RSRotation>0</RSRotation>
  <LSFuzz>0</LSFuzz>
  <RSFuzz>0</RSFuzz>
  <LSOuterBindDead>75</LSOuterBindDead>
  <RSOuterBindDead>75</RSOuterBindDead>
  <LSOuterBindInvert>False</LSOuterBindInvert>
  <RSOuterBindInvert>False</RSOuterBindInvert>
  <SXDeadZone>0.25</SXDeadZone>
  <SZDeadZone>0.25</SZDeadZone>
  <SXMaxZone>100</SXMaxZone>
  <SZMaxZone>100</SZMaxZone>
  <SXAntiDeadZone>0</SXAntiDeadZone>
  <SZAntiDeadZone>0</SZAntiDeadZone>
  <Sensitivity>1|1|1|1|1|1</Sensitivity>
  <ChargingType>2</ChargingType>
  <MouseAcceleration>False</MouseAcceleration>
  <ButtonMouseVerticalScale>100</ButtonMouseVerticalScale>
  <LaunchProgram>
  </LaunchProgram>
  <DinputOnly>False</DinputOnly>
  <StartTouchpadOff>False</StartTouchpadOff>
  <TouchpadOutputMode>Mouse</TouchpadOutputMode>
  <SATriggers>-1</SATriggers>
  <SATriggerCond>and</SATriggerCond>
  <SASteeringWheelEmulationAxis>None</SASteeringWheelEmulationAxis>
  <SASteeringWheelEmulationRange>360</SASteeringWheelEmulationRange>
  <SASteeringWheelFuzz>0</SASteeringWheelFuzz>
  <SASteeringWheelSmoothingOptions>
    <SASteeringWheelUseSmoothing>False</SASteeringWheelUseSmoothing>
    <SASteeringWheelSmoothMinCutoff>0.1</SASteeringWheelSmoothMinCutoff>
    <SASteeringWheelSmoothBeta>0.1</SASteeringWheelSmoothBeta>
  </SASteeringWheelSmoothingOptions>
  <TouchDisInvTriggers>-1</TouchDisInvTriggers>
  <GyroSensitivity>100</GyroSensitivity>
  <GyroSensVerticalScale>100</GyroSensVerticalScale>
  <GyroInvert>0</GyroInvert>
  <GyroTriggerTurns>True</GyroTriggerTurns>
  <GyroControlsSettings>
    <Triggers>-1</Triggers>
    <TriggerCond>and</TriggerCond>
    <TriggerTurns>True</TriggerTurns>
    <Toggle>False</Toggle>
  </GyroControlsSettings>
  <GyroMouseSmoothingSettings>
    <UseSmoothing>False</UseSmoothing>
    <SmoothingMethod>none</SmoothingMethod>
    <SmoothingWeight>50</SmoothingWeight>
    <SmoothingMinCutoff>1</SmoothingMinCutoff>
    <SmoothingBeta>0.7</SmoothingBeta>
  </GyroMouseSmoothingSettings>
  <GyroMouseHAxis>0</GyroMouseHAxis>
  <GyroMouseDeadZone>10</GyroMouseDeadZone>
  <GyroMouseMinThreshold>1</GyroMouseMinThreshold>
  <GyroMouseToggle>False</GyroMouseToggle>
  <GyroOutputMode>MouseJoystick</GyroOutputMode>
  <GyroMouseStickTriggers>4</GyroMouseStickTriggers>
  <GyroMouseStickTriggerCond>and</GyroMouseStickTriggerCond>
  <GyroMouseStickTriggerTurns>False</GyroMouseStickTriggerTurns>
  <GyroMouseStickHAxis>0</GyroMouseStickHAxis>
  <GyroMouseStickDeadZone>30</GyroMouseStickDeadZone>
  <GyroMouseStickMaxZone>830</GyroMouseStickMaxZone>
  <GyroMouseStickOutputStick>RightStick</GyroMouseStickOutputStick>
  <GyroMouseStickOutputStickAxes>XY</GyroMouseStickOutputStickAxes>
  <GyroMouseStickAntiDeadX>0.4</GyroMouseStickAntiDeadX>
  <GyroMouseStickAntiDeadY>0.4</GyroMouseStickAntiDeadY>
  <GyroMouseStickInvert>0</GyroMouseStickInvert>
  <GyroMouseStickToggle>False</GyroMouseStickToggle>
  <GyroMouseStickMaxOutput>100</GyroMouseStickMaxOutput>
  <GyroMouseStickMaxOutputEnabled>False</GyroMouseStickMaxOutputEnabled>
  <GyroMouseStickVerticalScale>100</GyroMouseStickVerticalScale>
  <GyroMouseStickSmoothingSettings>
    <UseSmoothing>True</UseSmoothing>
    <SmoothingMethod>one-euro</SmoothingMethod>
    <SmoothingWeight>50</SmoothingWeight>
    <SmoothingMinCutoff>0.4</SmoothingMinCutoff>
    <SmoothingBeta>0.7</SmoothingBeta>
  </GyroMouseStickSmoothingSettings>
  <GyroSwipeSettings>
    <DeadZoneX>80</DeadZoneX>
    <DeadZoneY>80</DeadZoneY>
    <Triggers>-1</Triggers>
    <TriggerCond>and</TriggerCond>
    <TriggerTurns>True</TriggerTurns>
    <XAxis>Yaw</XAxis>
    <DelayTime>0</DelayTime>
  </GyroSwipeSettings>
  <ProfileActions>Disconnect Controller</ProfileActions>
  <BTPollRate>4</BTPollRate>
  <LSOutputCurveMode>linear</LSOutputCurveMode>
  <LSOutputCurveCustom>
  </LSOutputCurveCustom>
  <RSOutputCurveMode>linear</RSOutputCurveMode>
  <RSOutputCurveCustom>
  </RSOutputCurveCustom>
  <LSSquareStick>False</LSSquareStick>
  <RSSquareStick>False</RSSquareStick>
  <SquareStickRoundness>5</SquareStickRoundness>
  <SquareRStickRoundness>5</SquareRStickRoundness>
  <LSAntiSnapback>False</LSAntiSnapback>
  <RSAntiSnapback>False</RSAntiSnapback>
  <LSAntiSnapbackDelta>135</LSAntiSnapbackDelta>
  <RSAntiSnapbackDelta>135</RSAntiSnapbackDelta>
  <LSAntiSnapbackTimeout>50</LSAntiSnapbackTimeout>
  <RSAntiSnapbackTimeout>50</RSAntiSnapbackTimeout>
  <LSOutputMode>Controls</LSOutputMode>
  <RSOutputMode>Controls</RSOutputMode>
  <LSOutputSettings>
    <FlickStickSettings>
      <RealWorldCalibration>5.3</RealWorldCalibration>
      <FlickThreshold>0.9</FlickThreshold>
      <FlickTime>0.1</FlickTime>
    </FlickStickSettings>
  </LSOutputSettings>
  <RSOutputSettings>
    <FlickStickSettings>
      <RealWorldCalibration>5.3</RealWorldCalibration>
      <FlickThreshold>0.9</FlickThreshold>
      <FlickTime>0.1</FlickTime>
    </FlickStickSettings>
  </RSOutputSettings>
  <L2OutputCurveMode>linear</L2OutputCurveMode>
  <L2OutputCurveCustom>
  </L2OutputCurveCustom>
  <L2TwoStageMode>Disabled</L2TwoStageMode>
  <R2TwoStageMode>Disabled</R2TwoStageMode>
  <L2TriggerEffect>None</L2TriggerEffect>
  <R2TriggerEffect>None</R2TriggerEffect>
  <R2OutputCurveMode>linear</R2OutputCurveMode>
  <R2OutputCurveCustom>
  </R2OutputCurveCustom>
  <SXOutputCurveMode>linear</SXOutputCurveMode>
  <SXOutputCurveCustom>
  </SXOutputCurveCustom>
  <SZOutputCurveMode>linear</SZOutputCurveMode>
  <SZOutputCurveCustom>
  </SZOutputCurveCustom>
  <TrackballMode>False</TrackballMode>
  <TrackballFriction>10</TrackballFriction>
  <TouchRelMouseRotation>0</TouchRelMouseRotation>
  <TouchRelMouseMinThreshold>1</TouchRelMouseMinThreshold>
  <TouchpadAbsMouseSettings>
    <MaxZoneX>90</MaxZoneX>
    <MaxZoneY>90</MaxZoneY>
    <SnapToCenter>False</SnapToCenter>
  </TouchpadAbsMouseSettings>
  <OutputContDevice>DS4</OutputContDevice>
  <Control>
    <Button>
      <Circle>Right Mouse Button</Circle>
      <Cross>Left Mouse Button</Cross>
    </Button>
    <Extras>
      <R3>0,0,1,0,252,0,0,0,0</R3>
    </Extras>
  </Control>
  <ShiftControl />
</DS4Windows>